,loss,accuracy
0,1.9893215894699097,0.07692307978868484
1,1.814858317375183,0.2884615361690521
2,1.781759262084961,0.21153846383094788
3,1.6736869812011719,0.3461538553237915
4,1.689197301864624,0.36538460850715637
5,1.5233479738235474,0.5192307829856873
6,1.4451334476470947,0.48076921701431274
7,1.341873288154602,0.6153846383094788
8,1.3133430480957031,0.5
9,1.1839483976364136,0.5961538553237915
10,1.0866268873214722,0.6538461446762085
11,0.9768314957618713,0.6730769276618958
12,0.936316728591919,0.6346153616905212
13,0.8717339038848877,0.7307692170143127
14,0.8697853088378906,0.75
15,0.698276937007904,0.7884615659713745
16,0.7329410910606384,0.7692307829856873
17,0.7352418899536133,0.75
18,0.584691047668457,0.807692289352417
19,0.5253781676292419,0.8461538553237915
20,0.6123616695404053,0.7884615659713745
21,0.6067817211151123,0.8461538553237915
22,0.497089684009552,0.8269230723381042
23,0.38821935653686523,0.9038461446762085
24,0.3409636616706848,0.942307710647583
25,0.41987723112106323,0.8461538553237915
26,0.27991050481796265,0.942307710647583
27,0.30168235301971436,0.9230769276618958
28,0.3536968231201172,0.8846153616905212
29,0.3833976089954376,0.8269230723381042
30,0.3362436890602112,0.9038461446762085
31,0.42258551716804504,0.8846153616905212
32,0.35297438502311707,0.9230769276618958
33,0.1981896013021469,0.942307710647583
34,0.30993711948394775,0.9038461446762085
35,0.22663122415542603,0.9615384340286255
36,0.30444571375846863,0.9230769276618958
37,0.2323479950428009,0.942307710647583
38,0.20877815783023834,0.9615384340286255
39,0.37101370096206665,0.8461538553237915
40,0.29525524377822876,0.8846153616905212
41,0.1709003746509552,0.9807692170143127
42,0.18451139330863953,0.9615384340286255
43,0.21192337572574615,0.9807692170143127
44,0.21245050430297852,0.9230769276618958
45,0.2442074716091156,0.9230769276618958
46,0.22785057127475739,0.9615384340286255
47,0.18050727248191833,0.942307710647583
48,0.21536776423454285,0.9038461446762085
49,0.2311907559633255,0.942307710647583
50,0.17827285826206207,0.9230769276618958
51,0.18675026297569275,0.9230769276618958
52,0.13885590434074402,0.9615384340286255
53,0.14076079428195953,0.9615384340286255
54,0.13977572321891785,0.9807692170143127
55,0.10292129218578339,0.9807692170143127
56,0.20285193622112274,0.942307710647583
57,0.1402721405029297,0.9807692170143127
58,0.14479456841945648,0.942307710647583
59,0.13525402545928955,0.9807692170143127
60,0.1694851964712143,0.942307710647583
61,0.12777692079544067,0.9615384340286255
62,0.12295988947153091,0.9807692170143127
63,0.16126932203769684,0.942307710647583
64,0.14298322796821594,0.9807692170143127
65,0.14716921746730804,0.9615384340286255
66,0.12176875025033951,0.9615384340286255
67,0.1011701300740242,0.9807692170143127
68,0.11572268605232239,0.9807692170143127
69,0.10348136723041534,0.942307710647583
70,0.12306176871061325,0.9615384340286255
71,0.09629932790994644,0.9807692170143127
72,0.10927223414182663,0.9807692170143127
73,0.12512439489364624,0.9615384340286255
74,0.08843804150819778,0.9615384340286255
75,0.0573236346244812,0.9807692170143127
76,0.081314317882061,0.9615384340286255
77,0.16623710095882416,0.9615384340286255
78,0.0823911502957344,0.9807692170143127
79,0.11246410012245178,0.9807692170143127
80,0.17534668743610382,0.942307710647583
81,0.10248743742704391,0.9615384340286255
82,0.10096237063407898,0.9807692170143127
83,0.12861520051956177,0.9807692170143127
84,0.171499565243721,0.942307710647583
85,0.08009325712919235,0.9807692170143127
86,0.11290712654590607,0.9615384340286255
87,0.08638840168714523,0.9807692170143127
88,0.1486678570508957,0.942307710647583
89,0.07010818272829056,0.9807692170143127
90,0.06465216726064682,0.9807692170143127
91,0.11394084244966507,0.9615384340286255
92,0.07397834211587906,0.9807692170143127
93,0.08832313120365143,0.9807692170143127
94,0.09577499330043793,0.9807692170143127
95,0.1353989690542221,0.9807692170143127
96,0.08575420826673508,0.9807692170143127
97,0.16886845231056213,0.942307710647583
98,0.07533562183380127,0.9807692170143127
99,0.0761038288474083,0.9807692170143127
100,0.08435436338186264,0.9615384340286255
101,0.04739002883434296,1.0
102,0.12193044275045395,0.942307710647583
103,0.07533187419176102,0.9807692170143127
104,0.1559363305568695,0.9807692170143127
105,0.1157916784286499,0.9615384340286255
106,0.10791483521461487,0.942307710647583
107,0.10820069909095764,0.9807692170143127
108,0.06548355519771576,0.9807692170143127
109,0.09925784170627594,0.9807692170143127
110,0.06498624384403229,0.9807692170143127
111,0.05403897911310196,0.9807692170143127
112,0.14673365652561188,0.9615384340286255
113,0.14109234511852264,0.942307710647583
114,0.07503122091293335,0.9807692170143127
115,0.06419321894645691,0.9807692170143127
116,0.14881834387779236,0.9615384340286255
117,0.07281436026096344,0.9615384340286255
118,0.10585857927799225,0.9230769276618958
119,0.06850962340831757,0.9807692170143127
120,0.15689587593078613,0.9615384340286255
121,0.1447114646434784,0.9615384340286255
122,0.053689975291490555,0.9807692170143127
123,0.08656258136034012,0.9807692170143127
124,0.08480381220579147,0.9615384340286255
125,0.08771427720785141,0.9615384340286255
126,0.08216113597154617,0.9807692170143127
127,0.08728640526533127,0.942307710647583
128,0.06564322113990784,0.9615384340286255
129,0.1719055473804474,0.942307710647583
130,0.14833414554595947,0.9807692170143127
131,0.1046602874994278,0.9807692170143127
132,0.13412834703922272,0.9615384340286255
133,0.08679810166358948,0.9807692170143127
134,0.08840791881084442,0.9807692170143127
135,0.10153118520975113,0.9615384340286255
136,0.11783356219530106,0.9615384340286255
137,0.0830094963312149,0.9807692170143127
138,0.09162275493144989,0.9807692170143127
139,0.07750250399112701,0.9807692170143127
140,0.08140626549720764,0.9807692170143127
141,0.11111389100551605,0.9615384340286255
142,0.1945219188928604,0.9615384340286255
143,0.10430734604597092,0.9615384340286255
144,0.07286936044692993,0.9807692170143127
145,0.08341649919748306,0.9615384340286255
146,0.06616825610399246,0.9807692170143127
147,0.11424962431192398,0.9615384340286255
148,0.1009485051035881,0.9807692170143127
149,0.08716143667697906,0.9615384340286255
150,0.11791150271892548,0.9615384340286255
151,0.05275770649313927,0.9807692170143127
152,0.0838232934474945,0.9807692170143127
153,0.09024754166603088,0.9807692170143127
154,0.08478959649801254,0.9615384340286255
155,0.11957720667123795,0.9807692170143127
156,0.09597042948007584,0.9807692170143127
157,0.06142882630228996,0.9807692170143127
158,0.07427907735109329,0.9807692170143127
159,0.10765476524829865,0.942307710647583
160,0.09741486608982086,0.9807692170143127
161,0.06451483070850372,0.9807692170143127
162,0.06963955610990524,0.9807692170143127
163,0.08922704309225082,0.9807692170143127
164,0.07181265205144882,0.9807692170143127
165,0.12880095839500427,0.942307710647583
166,0.06653191894292831,0.9807692170143127
167,0.08338993042707443,0.9807692170143127
168,0.07242292910814285,0.9807692170143127
169,0.07308084517717361,0.9807692170143127
170,0.107428178191185,0.9807692170143127
171,0.10583306103944778,0.9615384340286255
172,0.06221289932727814,0.9807692170143127
173,0.08461244404315948,0.9807692170143127
174,0.07709869742393494,0.9807692170143127
175,0.05566247180104256,0.9807692170143127
176,0.06241104379296303,0.9807692170143127
177,0.07437718659639359,0.9807692170143127
178,0.048850540071725845,0.9807692170143127
179,0.06278430670499802,0.9807692170143127
180,0.05947566404938698,0.9807692170143127
181,0.052142433822155,0.9807692170143127
182,0.08432838320732117,0.9807692170143127
183,0.11354895681142807,0.9615384340286255
184,0.067684605717659,0.9807692170143127
185,0.06240994483232498,0.9807692170143127
186,0.0944293886423111,0.9615384340286255
187,0.08070177584886551,0.9807692170143127
188,0.07652267813682556,0.9807692170143127
189,0.10511655360460281,0.9807692170143127
190,0.10461107641458511,0.9807692170143127
191,0.061373770236968994,0.9807692170143127
192,0.09576424956321716,0.9807692170143127
193,0.08109207451343536,0.9807692170143127
194,0.06649554520845413,0.9615384340286255
195,0.049609407782554626,0.9807692170143127
196,0.09907077997922897,0.9807692170143127
197,0.0907638818025589,0.9807692170143127
198,0.0922829732298851,0.9615384340286255
199,0.08464603871107101,0.9807692170143127
200,0.0738590881228447,0.9807692170143127
201,0.08191696554422379,0.9807692170143127
202,0.09063754975795746,0.9807692170143127
203,0.0931035727262497,0.9807692170143127
204,0.06786883622407913,0.9807692170143127
205,0.06890527904033661,0.9807692170143127
206,0.06878620386123657,0.9807692170143127
207,0.11658322066068649,0.9615384340286255
208,0.06368499249219894,0.9807692170143127
209,0.07062745839357376,0.9807692170143127
210,0.09005440026521683,0.9807692170143127
211,0.07058337330818176,0.9807692170143127
212,0.11396178603172302,0.9615384340286255
213,0.07369257509708405,0.9807692170143127
214,0.09367683529853821,0.9615384340286255
215,0.08570115268230438,0.9615384340286255
216,0.07487750798463821,0.9807692170143127
217,0.07022897154092789,0.9615384340286255
218,0.0630030483007431,0.9807692170143127
219,0.06281084567308426,0.9807692170143127
220,0.09046770632266998,0.9807692170143127
221,0.11434448510408401,0.9615384340286255
222,0.12413518875837326,0.9807692170143127
223,0.07527583092451096,0.9807692170143127
224,0.07055601477622986,0.9807692170143127
225,0.0811767429113388,0.9807692170143127
226,0.062118493020534515,0.9807692170143127
227,0.04678542912006378,0.9807692170143127
228,0.0863000825047493,0.9807692170143127
229,0.08239392936229706,0.9807692170143127
230,0.06641148030757904,0.9807692170143127
231,0.07261725515127182,0.9807692170143127
232,0.07713651657104492,0.9807692170143127
233,0.07079345732927322,0.9807692170143127
234,0.134159654378891,0.9615384340286255
235,0.06442587077617645,0.9807692170143127
236,0.0906907469034195,0.9807692170143127
237,0.09680117666721344,0.9615384340286255
238,0.05461456999182701,0.9807692170143127
239,0.06874315440654755,0.9807692170143127
240,0.06828442960977554,0.9807692170143127
241,0.08098694682121277,0.9807692170143127
242,0.06820706278085709,0.9807692170143127
243,0.04991762340068817,0.9807692170143127
244,0.06898743659257889,0.9807692170143127
245,0.06916709244251251,0.9807692170143127
246,0.06823238730430603,0.9807692170143127
247,0.09157237410545349,0.9615384340286255
248,0.06796400994062424,0.9807692170143127
249,0.0495247058570385,0.9807692170143127
250,0.0667768269777298,0.9807692170143127
251,0.06198010593652725,0.9807692170143127
252,0.060372017323970795,0.9807692170143127
253,0.05388232693076134,0.9807692170143127
254,0.08894024789333344,0.9615384340286255
255,0.0828491747379303,0.9807692170143127
256,0.0614531971514225,0.9807692170143127
257,0.0526975616812706,0.9807692170143127
258,0.06704403460025787,0.9807692170143127
259,0.07435539364814758,0.9807692170143127
260,0.061886608600616455,0.9807692170143127
261,0.05671481788158417,0.9807692170143127
262,0.07384737581014633,0.9807692170143127
263,0.09816987067461014,0.9615384340286255
264,0.08277793228626251,0.9807692170143127
265,0.05419345572590828,0.9807692170143127
266,0.05875323712825775,0.9807692170143127
267,0.07086852192878723,0.9807692170143127
268,0.10773343592882156,0.9807692170143127
269,0.07945378124713898,0.9807692170143127
270,0.07821641862392426,0.9615384340286255
271,0.07845258712768555,0.9807692170143127
272,0.09988655149936676,0.9615384340286255
273,0.072858527302742,0.9807692170143127
274,0.06737913191318512,0.9807692170143127
275,0.1222609281539917,0.9615384340286255
276,0.1039077565073967,0.9615384340286255
277,0.0697399228811264,0.9615384340286255
278,0.0811508446931839,0.9807692170143127
279,0.06524824351072311,0.9807692170143127
280,0.06460816413164139,0.9807692170143127
281,0.05312545970082283,0.9807692170143127
282,0.0755169689655304,0.9807692170143127
283,0.10138631612062454,0.9615384340286255
284,0.0676388218998909,0.9807692170143127
285,0.08353634923696518,0.9807692170143127
286,0.05435629189014435,0.9807692170143127
287,0.07459637522697449,0.9807692170143127
288,0.05576181411743164,0.9807692170143127
289,0.0578845739364624,0.9807692170143127
290,0.06737165153026581,0.9807692170143127
291,0.08755163103342056,0.9615384340286255
292,0.05995307117700577,0.9807692170143127
293,0.054451778531074524,0.9807692170143127
294,0.07314299046993256,0.9807692170143127
295,0.03391668200492859,0.9807692170143127
296,0.05223361775279045,0.9807692170143127
297,0.06089111045002937,0.9807692170143127
298,0.04756158962845802,0.9807692170143127
299,0.06972528249025345,0.9807692170143127
300,0.0552009716629982,0.9807692170143127
301,0.06099070608615875,0.9807692170143127
302,0.06325772404670715,0.9807692170143127
303,0.1017761081457138,0.9615384340286255
304,0.051874950528144836,0.9807692170143127
305,0.0928783267736435,0.9615384340286255
306,0.06970342993736267,0.9807692170143127
307,0.08966566622257233,0.9615384340286255
308,0.10350123792886734,0.9615384340286255
309,0.09413044899702072,0.9807692170143127
310,0.07500632852315903,0.9615384340286255
311,0.07083668559789658,0.9807692170143127
312,0.07040608674287796,0.9807692170143127
313,0.05914013832807541,0.9807692170143127
314,0.09352575242519379,0.9807692170143127
315,0.062357958406209946,0.9807692170143127
316,0.07380236685276031,0.9807692170143127
317,0.054525379091501236,0.9807692170143127
318,0.07315348833799362,0.9807692170143127
319,0.06441735476255417,0.9807692170143127
320,0.06855974346399307,0.9807692170143127
321,0.07016409188508987,0.9807692170143127
322,0.0705593004822731,0.9807692170143127
323,0.05915528163313866,0.9807692170143127
324,0.06644324958324432,0.9615384340286255
325,0.09310244023799896,0.9615384340286255
326,0.04940105229616165,0.9807692170143127
327,0.07724984735250473,0.9807692170143127
328,0.06672676652669907,0.9807692170143127
329,0.05738398805260658,0.9807692170143127
330,0.06374964118003845,0.9615384340286255
331,0.038257911801338196,0.9807692170143127
332,0.049467962235212326,0.9807692170143127
333,0.05103236809372902,0.9807692170143127
334,0.055742695927619934,0.9807692170143127
335,0.07691771537065506,0.9807692170143127
336,0.05663387477397919,0.9807692170143127
337,0.08204435557126999,0.9807692170143127
338,0.07206156849861145,0.9807692170143127
339,0.048567984253168106,0.9807692170143127
340,0.050394438207149506,0.9807692170143127
341,0.05427437648177147,0.9807692170143127
342,0.07993213832378387,0.9807692170143127
343,0.06660047918558121,0.9807692170143127
344,0.06278443336486816,0.9807692170143127
345,0.06044837459921837,0.9807692170143127
346,0.0778273418545723,0.9807692170143127
347,0.07797311246395111,0.9615384340286255
348,0.06559573113918304,0.9615384340286255
349,0.08901476114988327,0.9615384340286255
350,0.06233646720647812,0.9807692170143127
351,0.04493701085448265,0.9807692170143127
352,0.05701646953821182,0.9807692170143127
353,0.07187862694263458,0.9807692170143127
354,0.040043968707323074,0.9807692170143127
355,0.0665440708398819,0.9807692170143127
356,0.05199084430932999,0.9807692170143127
357,0.0525076650083065,0.9807692170143127
358,0.0744926780462265,0.9807692170143127
359,0.05968491733074188,0.9807692170143127
360,0.04978955537080765,0.9807692170143127
361,0.06932374835014343,0.9807692170143127
362,0.06209399178624153,0.9807692170143127
363,0.05032037943601608,0.9807692170143127
364,0.0645458996295929,0.9807692170143127
365,0.07354481518268585,0.9807692170143127
366,0.052442822605371475,0.9807692170143127
367,0.06670892238616943,0.9615384340286255
368,0.057904794812202454,0.9807692170143127
369,0.05335574597120285,0.9807692170143127
370,0.05687164515256882,0.9615384340286255
371,0.048016276210546494,0.9807692170143127
372,0.05694419518113136,0.9807692170143127
373,0.054442111402750015,0.9807692170143127
374,0.03861458972096443,0.9807692170143127
375,0.045880429446697235,0.9807692170143127
376,0.03223296254873276,0.9807692170143127
377,0.050597481429576874,0.9807692170143127
378,0.06792019307613373,0.9807692170143127
379,0.061802029609680176,0.9807692170143127
380,0.07727889716625214,0.9807692170143127
381,0.036692362278699875,0.9807692170143127
382,0.07888521254062653,0.9807692170143127
383,0.06817184388637543,0.9807692170143127
384,0.04040520638227463,0.9807692170143127
385,0.05977483466267586,0.9807692170143127
386,0.06470593065023422,0.9807692170143127
387,0.058195989578962326,0.9807692170143127
388,0.03983215242624283,0.9807692170143127
389,0.08026229590177536,0.9615384340286255
390,0.049410149455070496,0.9807692170143127
391,0.04220271110534668,0.9807692170143127
392,0.0713052824139595,0.9807692170143127
393,0.04719166457653046,0.9807692170143127
394,0.04097002372145653,0.9807692170143127
395,0.05832678824663162,0.9807692170143127
396,0.057723693549633026,0.9807692170143127
397,0.056725241243839264,0.9807692170143127
398,0.0723901242017746,0.9807692170143127
399,0.07359480112791061,0.9807692170143127
400,0.07259678095579147,0.9807692170143127
401,0.06282927095890045,0.9807692170143127
402,0.08484631031751633,0.9615384340286255
403,0.06826215237379074,0.9807692170143127
404,0.04178183525800705,0.9807692170143127
405,0.0660548284649849,0.9807692170143127
406,0.05744422972202301,0.9807692170143127
407,0.09393143653869629,0.9807692170143127
408,0.07082075625658035,0.9807692170143127
409,0.07574300467967987,0.9807692170143127
410,0.07713311165571213,0.9807692170143127
411,0.049517467617988586,0.9807692170143127
412,0.05177774280309677,0.9807692170143127
413,0.058904632925987244,0.9807692170143127
414,0.07584032416343689,0.9807692170143127
415,0.05190734565258026,0.9807692170143127
416,0.06380099803209305,0.9807692170143127
417,0.07553672045469284,0.9615384340286255
418,0.043841615319252014,0.9807692170143127
419,0.057548049837350845,0.9807692170143127
420,0.07000888139009476,0.9807692170143127
421,0.053602736443281174,0.9807692170143127
422,0.053256478160619736,0.9807692170143127
423,0.05145209655165672,0.9807692170143127
424,0.07383991777896881,0.9807692170143127
425,0.061723493039608,0.9807692170143127
426,0.06413207948207855,0.9807692170143127
427,0.07298687100410461,0.9807692170143127
428,0.08158567547798157,0.9807692170143127
429,0.059204407036304474,0.9807692170143127
430,0.07425081729888916,0.9807692170143127
431,0.06319914758205414,0.9807692170143127
432,0.06736952811479568,0.9807692170143127
433,0.07650554180145264,0.9807692170143127
434,0.0599619522690773,0.9807692170143127
435,0.07089106738567352,0.9807692170143127
436,0.04301827773451805,0.9807692170143127
437,0.05842110142111778,0.9807692170143127
438,0.06328120827674866,0.9807692170143127
439,0.06446158140897751,0.9807692170143127
440,0.08023596554994583,0.9615384340286255
441,0.06088276207447052,0.9807692170143127
442,0.06021789833903313,0.9807692170143127
443,0.062102820724248886,0.9807692170143127
444,0.0576789528131485,0.9807692170143127
445,0.05565198138356209,0.9807692170143127
446,0.053340617567300797,0.9807692170143127
447,0.0657670795917511,0.9807692170143127
448,0.04802481830120087,0.9807692170143127
449,0.05610319599509239,0.9807692170143127
450,0.09769546985626221,0.9615384340286255
451,0.050791118294000626,0.9807692170143127
452,0.047944147139787674,0.9807692170143127
453,0.04824739322066307,0.9807692170143127
454,0.05622829869389534,0.9807692170143127
455,0.059832070022821426,0.9807692170143127
456,0.05530768260359764,0.9807692170143127
457,0.06827111542224884,0.9807692170143127
458,0.11196689307689667,0.9615384340286255
459,0.05052618682384491,0.9807692170143127
460,0.055364809930324554,0.9807692170143127
461,0.058765869587659836,0.9615384340286255
462,0.07068031281232834,0.9615384340286255
463,0.056448619812726974,0.9807692170143127
464,0.12073242664337158,0.9615384340286255
465,0.061609961092472076,0.9807692170143127
466,0.06346650421619415,0.9807692170143127
467,0.06615525484085083,0.9807692170143127
468,0.06206691637635231,0.9807692170143127
469,0.06404481083154678,0.9807692170143127
470,0.04870222508907318,0.9807692170143127
471,0.05197231471538544,0.9807692170143127
472,0.06692752987146378,0.9807692170143127
473,0.05811348184943199,0.9807692170143127
474,0.0715935230255127,0.9807692170143127
475,0.06482447683811188,0.9807692170143127
476,0.07149013876914978,0.9807692170143127
477,0.07545406371355057,0.9807692170143127
478,0.06600762903690338,0.9807692170143127
479,0.06707130372524261,0.9807692170143127
480,0.05462997406721115,0.9807692170143127
481,0.06162789836525917,0.9807692170143127
482,0.04129493981599808,0.9807692170143127
483,0.05469731241464615,0.9807692170143127
484,0.05320912227034569,0.9807692170143127
485,0.05848884582519531,0.9807692170143127
486,0.05644313246011734,0.9807692170143127
487,0.05571183189749718,0.9807692170143127
488,0.04285069555044174,0.9807692170143127
489,0.06629084050655365,0.9807692170143127
490,0.065735824406147,0.9807692170143127
491,0.05612162873148918,0.9807692170143127
492,0.05515987053513527,0.9807692170143127
493,0.0469839833676815,0.9807692170143127
494,0.05075846239924431,0.9615384340286255
495,0.06195585057139397,0.9807692170143127
496,0.05097728595137596,0.9807692170143127
497,0.06828783452510834,0.9807692170143127
498,0.06384053081274033,0.9807692170143127
499,0.07833428680896759,0.9807692170143127
500,0.05685802921652794,0.9807692170143127
501,0.05741630494594574,0.9807692170143127
502,0.07032780349254608,0.9807692170143127
503,0.05093306303024292,0.9807692170143127
504,0.055400487035512924,0.9807692170143127
505,0.11156105995178223,0.9615384340286255
506,0.059107597917318344,0.9807692170143127
507,0.055632658302783966,0.9807692170143127
508,0.05876956135034561,0.9807692170143127
509,0.09147714078426361,0.9615384340286255
510,0.05750676244497299,0.9807692170143127
511,0.06312838196754456,0.9807692170143127
512,0.05597485974431038,0.9615384340286255
513,0.07552360743284225,0.9807692170143127
514,0.07457435131072998,0.9807692170143127
515,0.05307207256555557,0.9807692170143127
516,0.06295368820428848,0.9807692170143127
517,0.058627255260944366,0.9807692170143127
518,0.051419395953416824,0.9807692170143127
519,0.06199895963072777,0.9807692170143127
520,0.08169341832399368,0.9807692170143127
521,0.06402849406003952,0.9807692170143127
522,0.04947863146662712,0.9807692170143127
523,0.06016329675912857,0.9807692170143127
524,0.06818484514951706,0.9807692170143127
525,0.05978049337863922,0.9807692170143127
526,0.050657905638217926,0.9807692170143127
527,0.07135235518217087,0.9615384340286255
528,0.05099057778716087,0.9807692170143127
529,0.04822440445423126,0.9807692170143127
530,0.06406237930059433,0.9807692170143127
531,0.040225837379693985,0.9807692170143127
532,0.049667589366436005,0.9807692170143127
533,0.04947971552610397,0.9807692170143127
534,0.07217936962842941,0.9807692170143127
535,0.06555351614952087,0.9615384340286255
536,0.05934838950634003,0.9807692170143127
537,0.04874582961201668,0.9807692170143127
538,0.0683380514383316,0.9807692170143127
539,0.05589308217167854,0.9615384340286255
540,0.08442437648773193,0.9615384340286255
541,0.05259958654642105,0.9807692170143127
542,0.042023882269859314,0.9807692170143127
543,0.06546736508607864,0.9807692170143127
544,0.05518954619765282,0.9807692170143127
545,0.05301316827535629,0.9807692170143127
546,0.06575161963701248,0.9807692170143127
547,0.05373726040124893,0.9807692170143127
548,0.06294412910938263,0.9807692170143127
549,0.04629058390855789,0.9807692170143127
550,0.059854455292224884,0.9807692170143127
551,0.07488340139389038,0.9807692170143127
552,0.04344058036804199,0.9807692170143127
553,0.04259657487273216,0.9807692170143127
554,0.05630127340555191,0.9807692170143127
555,0.04935063421726227,0.9807692170143127
556,0.03507557511329651,0.9807692170143127
557,0.06650933623313904,0.9807692170143127
558,0.06728523969650269,0.9807692170143127
559,0.09293805807828903,0.9807692170143127
560,0.05062055587768555,0.9807692170143127
561,0.05829911679029465,0.9807692170143127
562,0.04375014454126358,0.9807692170143127
563,0.058294739574193954,0.9807692170143127
564,0.07952435314655304,0.9807692170143127
565,0.04377048835158348,0.9807692170143127
566,0.041479356586933136,0.9807692170143127
567,0.04615270346403122,0.9807692170143127
568,0.04865819588303566,0.9807692170143127
569,0.08455081284046173,0.9615384340286255
570,0.06396153569221497,0.9807692170143127
571,0.06867987662553787,0.9807692170143127
572,0.05250297114253044,0.9807692170143127
573,0.07878486067056656,0.9807692170143127
574,0.05546092242002487,0.9807692170143127
575,0.056790199130773544,0.9807692170143127
576,0.06775391101837158,0.9615384340286255
577,0.05978253856301308,0.9807692170143127
578,0.05962751433253288,0.9807692170143127
579,0.06408372521400452,0.9807692170143127
580,0.06648470461368561,0.9807692170143127
581,0.05978081002831459,0.9807692170143127
582,0.061006639152765274,0.9807692170143127
583,0.0755683109164238,0.9807692170143127
584,0.05417788773775101,0.9807692170143127
585,0.07825268805027008,0.9615384340286255
586,0.050173401832580566,0.9807692170143127
587,0.048641595989465714,0.9807692170143127
588,0.05649720877408981,0.9807692170143127
589,0.06023969128727913,0.9807692170143127
590,0.06251509487628937,0.9807692170143127
591,0.0673626959323883,0.9807692170143127
592,0.05838066339492798,0.9807692170143127
593,0.07406408339738846,0.9807692170143127
594,0.07635026425123215,0.9615384340286255
595,0.06366141885519028,0.9807692170143127
596,0.053268685936927795,0.9807692170143127
597,0.05453050881624222,0.9807692170143127
598,0.05399711802601814,0.9807692170143127
599,0.05751044303178787,0.9807692170143127
600,0.04824107885360718,0.9807692170143127
601,0.13218766450881958,0.9615384340286255
602,0.05956201255321503,0.9807692170143127
603,0.061039622873067856,0.9807692170143127
604,0.052467066794633865,0.9807692170143127
605,0.05601797625422478,0.9807692170143127
606,0.11605262011289597,0.9615384340286255
607,0.05889814719557762,0.9807692170143127
608,0.05727555230259895,0.9807692170143127
609,0.05833958089351654,0.9807692170143127
610,0.04961993545293808,0.9807692170143127
611,0.060262974351644516,0.9807692170143127
612,0.05377984791994095,0.9807692170143127
613,0.05952216684818268,0.9807692170143127
614,0.06472767889499664,0.9807692170143127
615,0.06917786598205566,0.9615384340286255
616,0.05229828506708145,0.9807692170143127
617,0.04752373695373535,0.9807692170143127
618,0.064250648021698,0.9615384340286255
619,0.04976366087794304,0.9807692170143127
620,0.06318917125463486,0.9807692170143127
621,0.06381438672542572,0.9807692170143127
622,0.06612429767847061,0.9807692170143127
623,0.05311453714966774,0.9807692170143127
624,0.062349241226911545,0.9807692170143127
625,0.0645861029624939,0.9807692170143127
626,0.04515510052442551,0.9807692170143127
627,0.06135081499814987,0.9807692170143127
628,0.06865859031677246,0.9807692170143127
629,0.06695351004600525,0.9807692170143127
630,0.04836687818169594,0.9807692170143127
631,0.04697943106293678,0.9807692170143127
632,0.06815125048160553,0.9807692170143127
633,0.051229093223810196,0.9807692170143127
634,0.04949872940778732,0.9807692170143127
635,0.05088698863983154,0.9807692170143127
636,0.051356393843889236,0.9807692170143127
637,0.05424756556749344,0.9807692170143127
638,0.06497747451066971,0.9807692170143127
639,0.057293400168418884,0.9807692170143127
640,0.04438396543264389,0.9807692170143127
641,0.042890094220638275,0.9807692170143127
642,0.07079349458217621,0.9807692170143127
643,0.054235316812992096,0.9807692170143127
644,0.0490310974419117,0.9807692170143127
645,0.045783631503582,0.9807692170143127
646,0.05929174646735191,0.9807692170143127
647,0.05008542165160179,0.9807692170143127
648,0.04337700083851814,0.9807692170143127
649,0.05295811593532562,0.9807692170143127
650,0.0515306256711483,0.9807692170143127
651,0.048752300441265106,0.9807692170143127
652,0.043035492300987244,0.9807692170143127
653,0.061849262565374374,0.9807692170143127
654,0.05644373595714569,0.9807692170143127
655,0.05671706050634384,0.9807692170143127
656,0.05542523041367531,0.9807692170143127
657,0.05185806751251221,0.9807692170143127
658,0.06197059899568558,0.9807692170143127
659,0.06622069329023361,0.9807692170143127
660,0.03957335278391838,0.9807692170143127
661,0.05728713795542717,0.9807692170143127
662,0.05096297711133957,0.9807692170143127
663,0.048322584480047226,0.9807692170143127
664,0.07592947036027908,0.9615384340286255
665,0.0507989302277565,0.9807692170143127
666,0.04752563685178757,0.9807692170143127
667,0.04330804571509361,0.9807692170143127
668,0.08808625489473343,0.9615384340286255
669,0.05743425711989403,0.9807692170143127
670,0.048806771636009216,0.9807692170143127
671,0.04999255761504173,0.9807692170143127
672,0.07065201550722122,0.9807692170143127
673,0.05055160075426102,0.9807692170143127
674,0.04276581481099129,0.9807692170143127
675,0.055868979543447495,0.9807692170143127
676,0.06471746414899826,0.9807692170143127
677,0.049066148698329926,0.9807692170143127
678,0.05089897662401199,0.9807692170143127
679,0.04762152209877968,0.9807692170143127
680,0.05683013051748276,0.9807692170143127
681,0.039049841463565826,0.9807692170143127
682,0.04404332488775253,0.9807692170143127
683,0.0677637904882431,0.9807692170143127
684,0.053174421191215515,0.9807692170143127
685,0.0582825168967247,0.9807692170143127
686,0.06096163019537926,0.9807692170143127
687,0.05079424008727074,0.9807692170143127
688,0.0587957538664341,0.9807692170143127
689,0.04634787514805794,0.9807692170143127
690,0.07884640991687775,0.9807692170143127
691,0.09826219826936722,0.9615384340286255
692,0.062033526599407196,0.9807692170143127
693,0.046623747795820236,0.9807692170143127
694,0.0534881129860878,0.9807692170143127
695,0.056817326694726944,0.9807692170143127
696,0.06365402787923813,0.9807692170143127
697,0.06265555322170258,0.9807692170143127
698,0.05716923996806145,0.9807692170143127
699,0.047352805733680725,0.9807692170143127
700,0.0428890623152256,0.9807692170143127
701,0.05684618279337883,0.9807692170143127
702,0.04563043639063835,0.9807692170143127
703,0.044153109192848206,0.9807692170143127
704,0.047249261289834976,0.9807692170143127
705,0.05889003723859787,0.9807692170143127
706,0.05398756265640259,0.9807692170143127
707,0.05920558422803879,0.9807692170143127
708,0.06138593330979347,0.9807692170143127
709,0.041185930371284485,0.9807692170143127
710,0.06063971295952797,0.9807692170143127
711,0.07005740702152252,0.9807692170143127
712,0.042068641632795334,0.9807692170143127
713,0.05157414823770523,0.9807692170143127
714,0.10639358311891556,0.9615384340286255
715,0.06763284653425217,0.9807692170143127
716,0.05317559093236923,0.9807692170143127
717,0.06921450048685074,0.9807692170143127
718,0.0654350221157074,0.9807692170143127
719,0.05118013918399811,0.9807692170143127
720,0.04251352697610855,0.9807692170143127
721,0.0507291778922081,0.9807692170143127
722,0.06797105818986893,0.9807692170143127
723,0.05885643512010574,0.9807692170143127
724,0.1141832247376442,0.9615384340286255
725,0.06941401213407516,0.9807692170143127
726,0.049182258546352386,0.9807692170143127
727,0.06135256588459015,0.9807692170143127
728,0.068328857421875,0.9807692170143127
729,0.05930094048380852,0.9807692170143127
730,0.04585869982838631,0.9807692170143127
731,0.04681294783949852,0.9807692170143127
732,0.06166456639766693,0.9807692170143127
733,0.07536990195512772,0.9807692170143127
734,0.05108250677585602,0.9807692170143127
735,0.05773491412401199,0.9807692170143127
736,0.04539879038929939,0.9807692170143127
737,0.060878854244947433,0.9807692170143127
738,0.04713821038603783,0.9807692170143127
739,0.04529592767357826,0.9807692170143127
740,0.07135867327451706,0.9615384340286255
741,0.04058726504445076,0.9807692170143127
742,0.0410994254052639,0.9807692170143127
743,0.058949921280145645,0.9807692170143127
744,0.053400278091430664,0.9807692170143127
745,0.03861203417181969,0.9807692170143127
746,0.05711978301405907,0.9807692170143127
747,0.05564730986952782,0.9807692170143127
748,0.04760976508259773,0.9807692170143127
749,0.0556224025785923,0.9807692170143127
750,0.045863889157772064,0.9807692170143127
751,0.05350228026509285,0.9807692170143127
752,0.0560721829533577,0.9807692170143127
753,0.060117825865745544,0.9807692170143127
754,0.04389198496937752,0.9807692170143127
755,0.052577950060367584,0.9807692170143127
756,0.07336947321891785,0.9615384340286255
757,0.05671586096286774,0.9807692170143127
758,0.05228898301720619,0.9807692170143127
759,0.06003646180033684,0.9807692170143127
760,0.05675426498055458,0.9807692170143127
761,0.062101755291223526,0.9807692170143127
762,0.0818018764257431,0.9807692170143127
763,0.054208915680646896,0.9807692170143127
764,0.05011346563696861,0.9807692170143127
765,0.05464331433176994,0.9807692170143127
766,0.05844750255346298,0.9807692170143127
767,0.05812154710292816,0.9807692170143127
768,0.06178593635559082,0.9807692170143127
769,0.050852444022893906,0.9807692170143127
770,0.05356209725141525,0.9807692170143127
771,0.053823575377464294,0.9807692170143127
772,0.04067196324467659,0.9807692170143127
773,0.05704843997955322,0.9807692170143127
774,0.0650620386004448,0.9807692170143127
775,0.04829259216785431,0.9807692170143127
776,0.08075325191020966,0.9807692170143127
777,0.10946149379014969,0.9615384340286255
778,0.07943852245807648,0.9615384340286255
779,0.05436372011899948,0.9807692170143127
780,0.05067473649978638,0.9807692170143127
781,0.0568048432469368,0.9807692170143127
782,0.05786149948835373,0.9807692170143127
783,0.07435418665409088,0.9807692170143127
784,0.042954202741384506,0.9807692170143127
785,0.05050746724009514,0.9807692170143127
786,0.043203696608543396,0.9807692170143127
787,0.06303537636995316,0.9807692170143127
788,0.05239826440811157,0.9807692170143127
789,0.05770944058895111,0.9807692170143127
790,0.06412404030561447,0.9807692170143127
791,0.09558406472206116,0.9615384340286255
792,0.054856378585100174,0.9807692170143127
793,0.07168277353048325,0.9615384340286255
794,0.045067720115184784,0.9807692170143127
795,0.05624619871377945,0.9807692170143127
796,0.06059495732188225,0.9807692170143127
797,0.06145909056067467,0.9807692170143127
798,0.05786588415503502,0.9807692170143127
799,0.05754885822534561,0.9807692170143127
800,0.05204389616847038,0.9807692170143127
801,0.056486938148736954,0.9807692170143127
802,0.0517720989882946,0.9807692170143127
803,0.051618609577417374,0.9807692170143127
804,0.047197479754686356,0.9807692170143127
805,0.052039291709661484,0.9807692170143127
806,0.04741700738668442,0.9807692170143127
807,0.05307120829820633,0.9807692170143127
808,0.05570380389690399,0.9807692170143127
809,0.05545221269130707,0.9807692170143127
810,0.060089111328125,0.9807692170143127
811,0.06353399157524109,0.9807692170143127
812,0.056762855499982834,0.9807692170143127
813,0.057889699935913086,0.9807692170143127
814,0.055066999047994614,0.9807692170143127
815,0.05238942801952362,0.9807692170143127
816,0.06043604761362076,0.9807692170143127
817,0.05838029086589813,0.9807692170143127
818,0.047581639140844345,0.9807692170143127
819,0.05878330022096634,0.9807692170143127
820,0.05438565835356712,0.9807692170143127
821,0.049949321895837784,0.9807692170143127
822,0.05818670988082886,0.9807692170143127
823,0.05528508126735687,0.9807692170143127
824,0.0580776147544384,0.9807692170143127
825,0.060439132153987885,0.9807692170143127
826,0.07556385546922684,0.9615384340286255
827,0.05068006366491318,0.9807692170143127
828,0.05660812556743622,0.9807692170143127
829,0.05366155132651329,0.9807692170143127
830,0.09310806542634964,0.9615384340286255
831,0.051120247691869736,0.9807692170143127
832,0.050528883934020996,0.9807692170143127
833,0.05710170790553093,0.9807692170143127
834,0.06124868616461754,0.9615384340286255
835,0.051011987030506134,0.9807692170143127
836,0.05320977419614792,0.9807692170143127
837,0.050876934081315994,0.9807692170143127
838,0.046459853649139404,0.9807692170143127
839,0.05732697993516922,0.9807692170143127
840,0.04528563842177391,0.9807692170143127
841,0.05192263424396515,0.9807692170143127
842,0.048522524535655975,0.9807692170143127
843,0.04870567098259926,0.9807692170143127
844,0.059694621711969376,0.9807692170143127
845,0.056549347937107086,0.9807692170143127
846,0.06212391331791878,0.9807692170143127
847,0.05179589241743088,0.9807692170143127
848,0.06782793253660202,0.9807692170143127
849,0.050504036247730255,0.9807692170143127
850,0.04785013571381569,0.9807692170143127
851,0.06555919349193573,0.9615384340286255
852,0.07468448579311371,0.9807692170143127
853,0.06630564481019974,0.9807692170143127
854,0.03379952535033226,1.0
855,0.07102607935667038,0.9807692170143127
856,0.06437406688928604,0.9807692170143127
857,0.055284533649683,0.9807692170143127
858,0.05734050273895264,0.9807692170143127
859,0.06893067061901093,0.9615384340286255
860,0.04945862665772438,0.9807692170143127
861,0.04646870866417885,0.9807692170143127
862,0.05879407376050949,0.9807692170143127
863,0.04682568088173866,0.9807692170143127
864,0.05121172219514847,0.9807692170143127
865,0.053773362189531326,0.9807692170143127
866,0.06837628781795502,0.9807692170143127
867,0.048966262489557266,0.9807692170143127
868,0.04886507987976074,0.9807692170143127
869,0.04342188686132431,0.9807692170143127
870,0.07510340958833694,0.9807692170143127
871,0.06010759249329567,0.9807692170143127
872,0.05010303482413292,0.9807692170143127
873,0.04377785697579384,0.9807692170143127
874,0.06555771082639694,0.9807692170143127
875,0.06089552864432335,0.9807692170143127
876,0.0583106130361557,0.9807692170143127
877,0.0489383339881897,0.9807692170143127
878,0.061939872801303864,0.9807692170143127
879,0.04867463931441307,0.9807692170143127
880,0.053449444472789764,0.9807692170143127
881,0.06296907365322113,0.9807692170143127
882,0.054964467883110046,0.9807692170143127
883,0.04237157478928566,0.9807692170143127
884,0.05188654363155365,0.9807692170143127
885,0.05704832449555397,0.9807692170143127
886,0.05746091902256012,0.9807692170143127
887,0.06009022146463394,0.9807692170143127
888,0.04805776849389076,0.9807692170143127
889,0.051115356385707855,0.9807692170143127
890,0.04955941066145897,0.9807692170143127
891,0.06447592377662659,0.9615384340286255
892,0.05190218985080719,0.9807692170143127
893,0.052537500858306885,0.9807692170143127
894,0.05156629905104637,0.9807692170143127
895,0.049355365335941315,0.9807692170143127
896,0.0528114028275013,0.9807692170143127
897,0.05089773237705231,0.9807692170143127
898,0.0612039789557457,0.9807692170143127
899,0.0544002503156662,0.9807692170143127
900,0.06416106224060059,0.9807692170143127
901,0.0583655871450901,0.9807692170143127
902,0.0538758859038353,0.9807692170143127
903,0.05024251714348793,0.9807692170143127
904,0.05665246397256851,0.9807692170143127
905,0.055487170815467834,0.9807692170143127
906,0.058145396411418915,0.9807692170143127
907,0.07199877500534058,0.9807692170143127
908,0.04981447011232376,0.9807692170143127
909,0.050779446959495544,0.9807692170143127
910,0.0560155063867569,0.9807692170143127
911,0.05647800490260124,0.9807692170143127
912,0.051734499633312225,0.9807692170143127
913,0.05839752405881882,0.9807692170143127
914,0.05908358842134476,0.9807692170143127
915,0.04887240380048752,0.9807692170143127
916,0.050818171352148056,0.9807692170143127
917,0.05151161178946495,0.9807692170143127
918,0.05095140263438225,0.9807692170143127
919,0.0574072040617466,0.9807692170143127
920,0.04900938645005226,0.9807692170143127
921,0.05792929232120514,0.9807692170143127
922,0.06012512743473053,0.9807692170143127
923,0.07665392756462097,0.9615384340286255
924,0.06667621433734894,0.9615384340286255
925,0.05368988960981369,0.9807692170143127
926,0.04309866949915886,0.9807692170143127
927,0.05823726952075958,0.9807692170143127
928,0.04270577430725098,0.9807692170143127
929,0.0563451312482357,0.9807692170143127
930,0.04491188004612923,0.9807692170143127
931,0.0459602065384388,0.9807692170143127
932,0.053938526660203934,0.9807692170143127
933,0.08263421058654785,0.9615384340286255
934,0.049353525042533875,0.9807692170143127
935,0.050528235733509064,0.9807692170143127
936,0.05605625361204147,0.9807692170143127
937,0.050248198211193085,0.9807692170143127
938,0.0611240454018116,0.9807692170143127
939,0.06413251906633377,0.9615384340286255
940,0.04894254356622696,0.9807692170143127
941,0.04572920501232147,0.9807692170143127
942,0.05472930893301964,0.9807692170143127
943,0.0553482249379158,0.9807692170143127
944,0.05051272362470627,0.9807692170143127
945,0.054298944771289825,0.9807692170143127
946,0.05928850919008255,0.9807692170143127
947,0.050928790122270584,0.9807692170143127
948,0.05692452937364578,0.9807692170143127
949,0.09711604565382004,0.9615384340286255
950,0.05111434683203697,0.9807692170143127
951,0.05019054561853409,0.9807692170143127
952,0.05483774095773697,0.9807692170143127
953,0.04970848187804222,0.9807692170143127
954,0.05807782709598541,0.9807692170143127
955,0.06694287061691284,0.9807692170143127
956,0.05719878897070885,0.9807692170143127
957,0.05086304247379303,0.9807692170143127
958,0.04963323846459389,0.9807692170143127
959,0.0498393177986145,0.9807692170143127
960,0.05794062837958336,0.9807692170143127
961,0.06353461742401123,0.9807692170143127
962,0.051833510398864746,0.9807692170143127
963,0.049629095941782,0.9807692170143127
964,0.04635894298553467,0.9807692170143127
965,0.05310720205307007,0.9807692170143127
966,0.054809536784887314,0.9807692170143127
967,0.04522382467985153,0.9807692170143127
968,0.055228665471076965,0.9807692170143127
969,0.04996742680668831,0.9807692170143127
970,0.05953581631183624,0.9807692170143127
971,0.06533821672201157,0.9807692170143127
972,0.054654087871313095,0.9807692170143127
973,0.05148404464125633,0.9807692170143127
974,0.05609637871384621,0.9807692170143127
975,0.0625024065375328,0.9807692170143127
976,0.04226823151111603,0.9807692170143127
977,0.051003359258174896,0.9807692170143127
978,0.05848105251789093,0.9807692170143127
979,0.04865493252873421,0.9807692170143127
980,0.040411535650491714,0.9807692170143127
981,0.05594220012426376,0.9807692170143127
982,0.07534471154212952,0.9807692170143127
983,0.05689864605665207,0.9807692170143127
984,0.06279423087835312,0.9807692170143127
985,0.06147565692663193,0.9807692170143127
986,0.04941141605377197,0.9807692170143127
987,0.055459555238485336,0.9807692170143127
988,0.046859920024871826,0.9807692170143127
989,0.05932127684354782,0.9807692170143127
990,0.062167368829250336,0.9807692170143127
991,0.05462626367807388,0.9807692170143127
992,0.049810346215963364,0.9807692170143127
993,0.051344212144613266,0.9807692170143127
994,0.05410546809434891,0.9807692170143127
995,0.054997410625219345,0.9807692170143127
996,0.05326361209154129,0.9807692170143127
997,0.052682872861623764,0.9807692170143127
998,0.05979271978139877,0.9807692170143127
999,0.05264785513281822,0.9807692170143127
1000,0.04938926920294762,0.9807692170143127
1001,0.04746031016111374,0.9807692170143127
1002,0.0661645382642746,0.9615384340286255
1003,0.05363138020038605,0.9807692170143127
1004,0.045137919485569,0.9807692170143127
1005,0.06670845299959183,0.9807692170143127
1006,0.05275958403944969,0.9807692170143127
1007,0.04597171023488045,0.9807692170143127
1008,0.056872446089982986,0.9807692170143127
1009,0.05771477520465851,0.9807692170143127
1010,0.044588033109903336,0.9807692170143127
1011,0.0558321475982666,0.9807692170143127
1012,0.05213760584592819,0.9807692170143127
1013,0.04432142525911331,0.9807692170143127
1014,0.05532213672995567,0.9807692170143127
1015,0.07469838112592697,0.9615384340286255
1016,0.05207930505275726,0.9807692170143127
1017,0.04646909609436989,0.9807692170143127
1018,0.052220430225133896,0.9807692170143127
1019,0.058718740940093994,0.9807692170143127
1020,0.052510883659124374,0.9807692170143127
1021,0.04762441664934158,0.9807692170143127
1022,0.05122320353984833,0.9807692170143127
1023,0.05704396218061447,0.9807692170143127
1024,0.062346696853637695,0.9807692170143127
1025,0.060853198170661926,0.9807692170143127
1026,0.040850959718227386,0.9807692170143127
1027,0.06302537024021149,0.9807692170143127
1028,0.0577809140086174,0.9807692170143127
1029,0.050528090447187424,0.9807692170143127
1030,0.04539135470986366,0.9807692170143127
1031,0.05459224432706833,0.9807692170143127
1032,0.06305520981550217,0.9807692170143127
1033,0.058146364986896515,0.9807692170143127
1034,0.054285623133182526,0.9807692170143127
1035,0.06838266551494598,0.9615384340286255
1036,0.06375543028116226,0.9807692170143127
1037,0.070535808801651,0.9807692170143127
1038,0.057995859533548355,0.9807692170143127
1039,0.04949163645505905,0.9807692170143127
1040,0.057707469910383224,0.9807692170143127
1041,0.05314449593424797,0.9807692170143127
1042,0.059750910848379135,0.9807692170143127
1043,0.04121621698141098,0.9807692170143127
1044,0.05430472642183304,0.9807692170143127
1045,0.04502248391509056,0.9807692170143127
1046,0.05143820866942406,0.9807692170143127
1047,0.05232417583465576,0.9807692170143127
1048,0.050632376223802567,0.9807692170143127
1049,0.04535161703824997,0.9807692170143127
1050,0.05083493888378143,0.9807692170143127
1051,0.04330422729253769,0.9807692170143127
1052,0.06479667127132416,0.9807692170143127
1053,0.05567227303981781,0.9807692170143127
1054,0.05613348260521889,0.9807692170143127
1055,0.04616590589284897,0.9807692170143127
1056,0.05076278746128082,0.9807692170143127
1057,0.05145397409796715,0.9807692170143127
1058,0.04338105767965317,0.9807692170143127
1059,0.05386517569422722,0.9807692170143127
1060,0.055762384086847305,0.9807692170143127
1061,0.058510489761829376,0.9807692170143127
1062,0.08976665139198303,0.9615384340286255
1063,0.05412886664271355,0.9807692170143127
1064,0.04944995790719986,0.9807692170143127
1065,0.06439150124788284,0.9807692170143127
1066,0.06714780628681183,0.9807692170143127
1067,0.04509751498699188,0.9807692170143127
1068,0.05930274724960327,0.9807692170143127
1069,0.05606108531355858,0.9807692170143127
1070,0.06981702893972397,0.9807692170143127
1071,0.05305039882659912,0.9807692170143127
1072,0.051563818007707596,0.9807692170143127
1073,0.04996882379055023,0.9807692170143127
1074,0.04543376713991165,0.9807692170143127
1075,0.04770386964082718,0.9807692170143127
1076,0.059275154024362564,0.9807692170143127
1077,0.049373190850019455,0.9807692170143127
1078,0.04817347973585129,0.9807692170143127
1079,0.04831446707248688,0.9807692170143127
1080,0.05420955270528793,0.9807692170143127
1081,0.049206458032131195,0.9807692170143127
1082,0.042233433574438095,0.9807692170143127
1083,0.0458657406270504,0.9807692170143127
1084,0.04696536436676979,0.9807692170143127
1085,0.05061786621809006,0.9807692170143127
1086,0.05091048777103424,0.9807692170143127
1087,0.05485165864229202,0.9807692170143127
1088,0.051342327147722244,0.9807692170143127
1089,0.04427453130483627,0.9807692170143127
1090,0.05916007608175278,0.9807692170143127
1091,0.047266557812690735,0.9807692170143127
1092,0.06026032939553261,0.9807692170143127
1093,0.04182056337594986,0.9807692170143127
1094,0.050671372562646866,0.9807692170143127
1095,0.05259660631418228,0.9807692170143127
1096,0.058010779321193695,0.9807692170143127
1097,0.04928494989871979,0.9807692170143127
1098,0.05759653076529503,0.9615384340286255
1099,0.06431462615728378,0.9615384340286255
1100,0.05073056370019913,0.9807692170143127
1101,0.06262587755918503,0.9807692170143127
1102,0.04416290670633316,0.9807692170143127
1103,0.052683327347040176,0.9807692170143127
1104,0.04233241453766823,0.9807692170143127
1105,0.04944395646452904,0.9807692170143127
1106,0.04400382936000824,0.9807692170143127
1107,0.043918050825595856,0.9807692170143127
1108,0.061193663626909256,0.9807692170143127
1109,0.05715848505496979,0.9807692170143127
1110,0.06062139943242073,0.9807692170143127
1111,0.060095109045505524,0.9807692170143127
1112,0.04789365828037262,0.9807692170143127
1113,0.04225872457027435,0.9807692170143127
1114,0.0497591570019722,0.9807692170143127
1115,0.0475686639547348,0.9807692170143127
1116,0.053531210869550705,0.9807692170143127
1117,0.06296226382255554,0.9807692170143127
1118,0.06427689641714096,0.9807692170143127
1119,0.05939292162656784,0.9807692170143127
1120,0.07416177541017532,0.9807692170143127
1121,0.05789226293563843,0.9807692170143127
1122,0.04821925610303879,0.9807692170143127
1123,0.05362974852323532,0.9807692170143127
1124,0.051732584834098816,0.9807692170143127
1125,0.04960446059703827,0.9807692170143127
1126,0.056154076009988785,0.9807692170143127
1127,0.043926164507865906,0.9807692170143127
1128,0.055431120097637177,0.9807692170143127
1129,0.055094581097364426,0.9807692170143127
1130,0.05673155561089516,0.9807692170143127
1131,0.06607260555028915,0.9807692170143127
1132,0.04659966751933098,0.9807692170143127
1133,0.050884246826171875,0.9807692170143127
1134,0.0522393137216568,0.9807692170143127
1135,0.05859784036874771,0.9807692170143127
1136,0.03927197679877281,0.9807692170143127
1137,0.059335675090551376,0.9807692170143127
1138,0.10729767382144928,0.9615384340286255
1139,0.04488348960876465,0.9807692170143127
1140,0.053087010979652405,0.9807692170143127
1141,0.05908463895320892,0.9807692170143127
1142,0.05056089162826538,0.9807692170143127
1143,0.05819123983383179,0.9807692170143127
1144,0.04782060533761978,0.9807692170143127
1145,0.055725034326314926,0.9807692170143127
1146,0.0502200573682785,0.9807692170143127
1147,0.05548093467950821,0.9807692170143127
1148,0.04179082810878754,0.9807692170143127
1149,0.06632775068283081,0.9807692170143127
1150,0.05337196961045265,0.9807692170143127
1151,0.0487009659409523,0.9807692170143127
1152,0.11271314322948456,0.9615384340286255
1153,0.0547785609960556,0.9807692170143127
1154,0.07342047244310379,0.9615384340286255
1155,0.04487768933176994,0.9807692170143127
1156,0.056967541575431824,0.9807692170143127
1157,0.05405604466795921,0.9807692170143127
1158,0.05123038589954376,0.9807692170143127
1159,0.0891333669424057,0.9615384340286255
1160,0.11842416971921921,0.9615384340286255
1161,0.06244397908449173,0.9807692170143127
1162,0.05803815275430679,0.9807692170143127
1163,0.06073074787855148,0.9807692170143127
1164,0.049017325043678284,0.9807692170143127
1165,0.05639759823679924,0.9807692170143127
1166,0.050374798476696014,0.9807692170143127
1167,0.05369001626968384,0.9807692170143127
1168,0.05139781907200813,0.9807692170143127
1169,0.05424964055418968,0.9807692170143127
1170,0.05399638041853905,0.9807692170143127
1171,0.05603381246328354,0.9807692170143127
1172,0.047984473407268524,0.9807692170143127
1173,0.057694531977176666,0.9807692170143127
1174,0.05152960866689682,0.9807692170143127
1175,0.05446365103125572,0.9807692170143127
1176,0.05989423766732216,0.9807692170143127
1177,0.054044511169195175,0.9807692170143127
1178,0.043610744178295135,0.9807692170143127
1179,0.05822054669260979,0.9807692170143127
1180,0.049880895763635635,0.9807692170143127
1181,0.052907902747392654,0.9807692170143127
1182,0.05453542247414589,0.9807692170143127
1183,0.05924638360738754,0.9807692170143127
1184,0.053056973963975906,0.9807692170143127
1185,0.048704881221055984,0.9807692170143127
1186,0.050090111792087555,0.9807692170143127
1187,0.05007551610469818,0.9807692170143127
1188,0.05727716162800789,0.9807692170143127
1189,0.05053907260298729,0.9807692170143127
1190,0.04924744367599487,0.9807692170143127
1191,0.05141015723347664,0.9807692170143127
1192,0.05487104132771492,0.9807692170143127
1193,0.05160433053970337,0.9807692170143127
1194,0.050011567771434784,0.9807692170143127
1195,0.05264884606003761,0.9807692170143127
1196,0.0555306039750576,0.9807692170143127
1197,0.05132297798991203,0.9807692170143127
1198,0.05655817314982414,0.9807692170143127
1199,0.057380255311727524,0.9807692170143127
1200,0.04835706949234009,0.9807692170143127
1201,0.05443757399916649,0.9807692170143127
1202,0.05391882359981537,0.9807692170143127
1203,0.0476834699511528,0.9807692170143127
1204,0.05792407691478729,0.9807692170143127
1205,0.0560586042702198,0.9807692170143127
1206,0.055873338133096695,0.9807692170143127
1207,0.054059430956840515,0.9807692170143127
1208,0.05440317839384079,0.9807692170143127
1209,0.05349584296345711,0.9807692170143127
1210,0.052770599722862244,0.9807692170143127
1211,0.04731118679046631,0.9807692170143127
1212,0.045857008546590805,0.9807692170143127
1213,0.05217491835355759,0.9807692170143127
1214,0.04701007157564163,0.9807692170143127
1215,0.053596798330545425,0.9807692170143127
1216,0.06542743742465973,0.9807692170143127
1217,0.0583239383995533,0.9807692170143127
1218,0.049014706164598465,0.9807692170143127
1219,0.05868891254067421,0.9807692170143127
1220,0.042941346764564514,0.9807692170143127
1221,0.04545056074857712,0.9807692170143127
1222,0.05077933520078659,0.9807692170143127
1223,0.06740374118089676,0.9807692170143127
1224,0.06251109391450882,0.9807692170143127
1225,0.058288559317588806,0.9807692170143127
1226,0.05378735810518265,0.9807692170143127
1227,0.05002765357494354,0.9807692170143127
1228,0.04701041802763939,0.9807692170143127
1229,0.04757626727223396,0.9807692170143127
1230,0.09244462102651596,0.942307710647583
1231,0.05259663611650467,0.9807692170143127
1232,0.049781836569309235,0.9807692170143127
1233,0.047694191336631775,0.9807692170143127
1234,0.051269154995679855,0.9807692170143127
1235,0.048089105635881424,0.9807692170143127
1236,0.04461017996072769,0.9807692170143127
1237,0.04282151162624359,0.9807692170143127
1238,0.04821774736046791,0.9807692170143127
1239,0.04850669205188751,0.9807692170143127
1240,0.053962383419275284,0.9807692170143127
1241,0.0436469241976738,0.9807692170143127
1242,0.040738847106695175,0.9807692170143127
1243,0.06995590776205063,0.9807692170143127
1244,0.052683766931295395,0.9807692170143127
1245,0.042734626680612564,0.9807692170143127
1246,0.051483217626810074,0.9807692170143127
1247,0.05428030341863632,0.9807692170143127
1248,0.05033620074391365,0.9807692170143127
1249,0.0435020737349987,0.9807692170143127
1250,0.04868709295988083,0.9807692170143127
1251,0.0512736439704895,0.9807692170143127
1252,0.05134907737374306,0.9807692170143127
1253,0.044599853456020355,0.9807692170143127
1254,0.07716434448957443,0.9807692170143127
1255,0.05275176092982292,0.9807692170143127
1256,0.04300602152943611,0.9807692170143127
1257,0.046201013028621674,0.9807692170143127
1258,0.052794065326452255,0.9807692170143127
1259,0.06051633134484291,0.9807692170143127
1260,0.059724994003772736,0.9807692170143127
1261,0.06580357998609543,0.9807692170143127
1262,0.052780017256736755,0.9807692170143127
1263,0.05748269706964493,0.9807692170143127
1264,0.05872977152466774,0.9807692170143127
1265,0.052496347576379776,0.9807692170143127
1266,0.052169620990753174,0.9807692170143127
1267,0.04353718087077141,0.9807692170143127
1268,0.053672030568122864,0.9807692170143127
1269,0.053654320538043976,0.9807692170143127
1270,0.0532405786216259,0.9807692170143127
1271,0.05310684069991112,0.9807692170143127
1272,0.051544222980737686,0.9807692170143127
1273,0.08467204868793488,0.9615384340286255
1274,0.05161198601126671,0.9807692170143127
1275,0.051193736493587494,0.9807692170143127
1276,0.046458031982183456,0.9807692170143127
1277,0.04225350171327591,0.9807692170143127
1278,0.05496415123343468,0.9807692170143127
1279,0.056169696152210236,0.9807692170143127
1280,0.05327431112527847,0.9807692170143127
1281,0.0562371090054512,0.9807692170143127
1282,0.04666557535529137,0.9807692170143127
1283,0.055181022733449936,0.9807692170143127
1284,0.05206993594765663,0.9807692170143127
1285,0.07574974745512009,0.9615384340286255
1286,0.04935486987233162,0.9807692170143127
1287,0.05466507002711296,0.9807692170143127
1288,0.054999180138111115,0.9807692170143127
1289,0.05223923176527023,0.9807692170143127
1290,0.05414019525051117,0.9807692170143127
1291,0.04568890482187271,0.9807692170143127
1292,0.05720100551843643,0.9807692170143127
1293,0.057694606482982635,0.9807692170143127
1294,0.04549127817153931,0.9807692170143127
1295,0.05646083876490593,0.9807692170143127
1296,0.11818314343690872,0.9615384340286255
1297,0.047961823642253876,0.9807692170143127
1298,0.05194559320807457,0.9807692170143127
1299,0.04527505487203598,0.9807692170143127
1300,0.06181309372186661,0.9807692170143127
1301,0.0661955326795578,0.9615384340286255
1302,0.0469479002058506,0.9807692170143127
1303,0.05198931694030762,0.9807692170143127
1304,0.046589672565460205,0.9807692170143127
1305,0.04216786101460457,0.9807692170143127
1306,0.055639803409576416,0.9807692170143127
1307,0.060644786804914474,0.9807692170143127
1308,0.05929886922240257,0.9807692170143127
1309,0.050944194197654724,0.9807692170143127
1310,0.051893290132284164,0.9807692170143127
1311,0.05971260741353035,0.9807692170143127
1312,0.05359133705496788,0.9807692170143127
1313,0.050270214676856995,0.9807692170143127
1314,0.05939282849431038,0.9807692170143127
1315,0.04876139387488365,0.9807692170143127
1316,0.046061936765909195,0.9807692170143127
1317,0.0636850893497467,0.9807692170143127
1318,0.059672657400369644,0.9807692170143127
1319,0.05817132815718651,0.9807692170143127
1320,0.04840846359729767,0.9807692170143127
1321,0.05684366449713707,0.9807692170143127
1322,0.04893789067864418,0.9807692170143127
1323,0.0445847287774086,0.9807692170143127
1324,0.05767766758799553,0.9807692170143127
1325,0.05723830685019493,0.9807692170143127
1326,0.04777552932500839,0.9807692170143127
1327,0.04621095955371857,0.9807692170143127
1328,0.04626001790165901,0.9807692170143127
1329,0.069825179874897,0.9807692170143127
1330,0.05528964474797249,0.9807692170143127
1331,0.05389532074332237,0.9807692170143127
1332,0.047118477523326874,0.9807692170143127
1333,0.049551330506801605,0.9807692170143127
1334,0.08354514092206955,0.9615384340286255
1335,0.04601474851369858,0.9807692170143127
1336,0.05011114850640297,0.9807692170143127
1337,0.0556177943944931,0.9807692170143127
1338,0.054795943200588226,0.9807692170143127
1339,0.060177311301231384,0.9807692170143127
1340,0.05115072429180145,0.9807692170143127
1341,0.0475495308637619,0.9807692170143127
1342,0.052833691239356995,0.9807692170143127
1343,0.0542222261428833,0.9807692170143127
1344,0.055554669350385666,0.9807692170143127
1345,0.051420457661151886,0.9807692170143127
1346,0.049373771995306015,0.9807692170143127
1347,0.0598001629114151,0.9807692170143127
1348,0.05321740359067917,0.9807692170143127
1349,0.05048896372318268,0.9807692170143127
1350,0.05403478443622589,0.9807692170143127
1351,0.045794885605573654,0.9807692170143127
1352,0.050641052424907684,0.9807692170143127
1353,0.057235684245824814,0.9807692170143127
1354,0.053112052381038666,0.9807692170143127
1355,0.052906036376953125,0.9807692170143127
1356,0.05957408249378204,0.9807692170143127
1357,0.04173336923122406,0.9807692170143127
1358,0.056686025112867355,0.9807692170143127
1359,0.05579518526792526,0.9807692170143127
1360,0.0530921034514904,0.9807692170143127
1361,0.05525266379117966,0.9807692170143127
1362,0.049971893429756165,0.9807692170143127
1363,0.049476586282253265,0.9807692170143127
1364,0.04688310623168945,0.9807692170143127
1365,0.05125202238559723,0.9807692170143127
1366,0.06171033903956413,0.9807692170143127
1367,0.050303515046834946,0.9807692170143127
1368,0.05442069470882416,0.9807692170143127
1369,0.05495132878422737,0.9807692170143127
1370,0.045657262206077576,0.9807692170143127
1371,0.052998244762420654,0.9807692170143127
1372,0.058984916657209396,0.9807692170143127
1373,0.06162111088633537,0.9807692170143127
1374,0.051008500158786774,0.9807692170143127
1375,0.061983849853277206,0.9807692170143127
1376,0.04897436127066612,0.9807692170143127
1377,0.06611784547567368,0.9807692170143127
1378,0.04711781442165375,0.9807692170143127
1379,0.05309857428073883,0.9807692170143127
1380,0.05726567283272743,0.9807692170143127
1381,0.05474518984556198,0.9807692170143127
1382,0.04711836948990822,0.9807692170143127
1383,0.04489296302199364,0.9807692170143127
1384,0.04363337904214859,0.9807692170143127
1385,0.052573543041944504,0.9807692170143127
1386,0.05593489855527878,0.9807692170143127
1387,0.042963091284036636,0.9807692170143127
1388,0.05208316817879677,0.9807692170143127
1389,0.04421551525592804,0.9807692170143127
1390,0.06534162163734436,0.9807692170143127
1391,0.04812443256378174,0.9807692170143127
1392,0.05334719270467758,0.9807692170143127
1393,0.048370346426963806,0.9807692170143127
1394,0.05190165340900421,0.9807692170143127
1395,0.04626443237066269,0.9807692170143127
1396,0.061674416065216064,0.9807692170143127
1397,0.060948193073272705,0.9807692170143127
1398,0.04901432991027832,0.9807692170143127
1399,0.04631475731730461,0.9807692170143127
1400,0.04519611597061157,0.9807692170143127
1401,0.055017583072185516,0.9807692170143127
1402,0.04378631338477135,0.9807692170143127
1403,0.05103357508778572,0.9807692170143127
1404,0.056691307574510574,0.9807692170143127
1405,0.06523216515779495,0.9807692170143127
1406,0.05032768100500107,0.9807692170143127
1407,0.05307278782129288,0.9807692170143127
1408,0.05306406319141388,0.9807692170143127
1409,0.048603590577840805,0.9807692170143127
1410,0.062369681894779205,0.9807692170143127
1411,0.05080752074718475,0.9807692170143127
1412,0.057849984616041183,0.9807692170143127
1413,0.0530860461294651,0.9807692170143127
1414,0.0485120452940464,0.9807692170143127
1415,0.04468623176217079,0.9807692170143127
1416,0.09664157032966614,0.9615384340286255
1417,0.05102628096938133,0.9807692170143127
1418,0.05395710468292236,0.9807692170143127
1419,0.046502210199832916,0.9807692170143127
1420,0.05881037190556526,0.9807692170143127
1421,0.05111518129706383,0.9807692170143127
1422,0.051022086292505264,0.9807692170143127
1423,0.051830802112817764,0.9807692170143127
1424,0.048767320811748505,0.9807692170143127
1425,0.051216524094343185,0.9807692170143127
1426,0.052226703613996506,0.9807692170143127
1427,0.05269352346658707,0.9807692170143127
1428,0.046918053179979324,0.9807692170143127
1429,0.045337334275245667,0.9807692170143127
1430,0.05016104504466057,0.9807692170143127
1431,0.05575644597411156,0.9807692170143127
1432,0.052707865834236145,0.9807692170143127
1433,0.043359022587537766,0.9807692170143127
1434,0.041831135749816895,0.9807692170143127
1435,0.046409331262111664,0.9807692170143127
1436,0.07380085438489914,0.9615384340286255
1437,0.06366461515426636,0.9807692170143127
1438,0.05301549285650253,0.9807692170143127
1439,0.05485500395298004,0.9807692170143127
1440,0.056119516491889954,0.9807692170143127
1441,0.05202951654791832,0.9807692170143127
1442,0.049171023070812225,0.9807692170143127
1443,0.05034443363547325,0.9807692170143127
1444,0.04570850357413292,0.9807692170143127
1445,0.05047640576958656,0.9807692170143127
1446,0.06281254440546036,0.9807692170143127
1447,0.05217202752828598,0.9807692170143127
1448,0.05289301648736,0.9807692170143127
1449,0.046826206147670746,0.9807692170143127
1450,0.054916735738515854,0.9807692170143127
1451,0.049286551773548126,0.9807692170143127
1452,0.04829864203929901,0.9807692170143127
1453,0.05075215548276901,0.9807692170143127
1454,0.051587410271167755,0.9807692170143127
1455,0.057749949395656586,0.9807692170143127
1456,0.0498192124068737,0.9807692170143127
1457,0.04624316468834877,0.9807692170143127
1458,0.05095269903540611,0.9807692170143127
1459,0.047091059386730194,0.9807692170143127
1460,0.05929424241185188,0.9807692170143127
1461,0.05816173180937767,0.9807692170143127
1462,0.04839733615517616,0.9807692170143127
1463,0.05253247171640396,0.9807692170143127
1464,0.05681891739368439,0.9807692170143127
1465,0.052993468940258026,0.9807692170143127
1466,0.05391614884138107,0.9807692170143127
1467,0.0530979223549366,0.9807692170143127
1468,0.04515531286597252,0.9807692170143127
1469,0.04852898418903351,0.9807692170143127
1470,0.051228106021881104,0.9807692170143127
1471,0.046463195234537125,0.9807692170143127
1472,0.04869663342833519,0.9807692170143127
1473,0.05195131152868271,0.9807692170143127
1474,0.05117214471101761,0.9807692170143127
1475,0.049796346575021744,0.9807692170143127
1476,0.07094506919384003,0.9807692170143127
1477,0.0549570694565773,0.9807692170143127
1478,0.04878748208284378,0.9807692170143127
1479,0.05916588008403778,0.9807692170143127
1480,0.05825762078166008,0.9807692170143127
1481,0.056564636528491974,0.9807692170143127
1482,0.05330594256520271,0.9807692170143127
1483,0.054613515734672546,0.9807692170143127
1484,0.04415593668818474,0.9807692170143127
1485,0.055887818336486816,0.9807692170143127
1486,0.05013395845890045,0.9807692170143127
1487,0.048154693096876144,0.9807692170143127
1488,0.054642073810100555,0.9807692170143127
1489,0.05443703383207321,0.9807692170143127
1490,0.05443551391363144,0.9807692170143127
1491,0.0486740879714489,0.9807692170143127
1492,0.0530717596411705,0.9807692170143127
1493,0.053295452147722244,0.9807692170143127
1494,0.06349725276231766,0.9615384340286255
1495,0.05367489531636238,0.9807692170143127
1496,0.04707394540309906,0.9807692170143127
1497,0.047849491238594055,0.9807692170143127
1498,0.04765107110142708,0.9807692170143127
1499,0.05251670628786087,0.9807692170143127
1500,0.04847709834575653,0.9807692170143127
1501,0.04732325300574303,0.9807692170143127
1502,0.0517062172293663,0.9807692170143127
1503,0.05246367305517197,0.9807692170143127
1504,0.04646706208586693,0.9807692170143127
1505,0.07997917383909225,0.9615384340286255
1506,0.044737670570611954,0.9807692170143127
1507,0.060356125235557556,0.9807692170143127
1508,0.054203636944293976,0.9807692170143127
1509,0.0488375686109066,0.9807692170143127
1510,0.059793200343847275,0.9807692170143127
1511,0.050242844969034195,0.9807692170143127
1512,0.0517423115670681,0.9807692170143127
1513,0.05178650841116905,0.9807692170143127
1514,0.051308173686265945,0.9807692170143127
1515,0.05250571668148041,0.9807692170143127
1516,0.04969872906804085,0.9807692170143127
1517,0.047575630247592926,0.9807692170143127
1518,0.057956866919994354,0.9807692170143127
1519,0.052033305168151855,0.9807692170143127
1520,0.051953259855508804,0.9807692170143127
1521,0.05088717117905617,0.9807692170143127
1522,0.049788977950811386,0.9807692170143127
1523,0.0505891777575016,0.9807692170143127
1524,0.05142257362604141,0.9807692170143127
1525,0.05309327319264412,0.9807692170143127
1526,0.05584607273340225,0.9807692170143127
1527,0.05668997764587402,0.9807692170143127
1528,0.04784749075770378,0.9807692170143127
1529,0.048437394201755524,0.9807692170143127
1530,0.05136636272072792,0.9807692170143127
1531,0.05477706715464592,0.9807692170143127
1532,0.04210509732365608,0.9807692170143127
1533,0.04564819857478142,0.9807692170143127
1534,0.05858858674764633,0.9807692170143127
1535,0.050455134361982346,0.9807692170143127
1536,0.04813931882381439,0.9807692170143127
1537,0.05482381954789162,0.9807692170143127
1538,0.054745789617300034,0.9807692170143127
1539,0.04422690346837044,0.9807692170143127
1540,0.05274120345711708,0.9807692170143127
1541,0.044269733130931854,0.9807692170143127
1542,0.051703136414289474,0.9807692170143127
1543,0.04968617111444473,0.9807692170143127
1544,0.06599723547697067,0.9807692170143127
1545,0.05406670272350311,0.9807692170143127
1546,0.05819207802414894,0.9807692170143127
1547,0.05826563015580177,0.9807692170143127
1548,0.05146893113851547,0.9807692170143127
1549,0.05094526335597038,0.9807692170143127
1550,0.07729775458574295,0.9615384340286255
1551,0.049810782074928284,0.9807692170143127
1552,0.04646539315581322,0.9807692170143127
1553,0.05963325873017311,0.9807692170143127
1554,0.05041235685348511,0.9807692170143127
1555,0.044097743928432465,0.9807692170143127
1556,0.05404837429523468,0.9807692170143127
1557,0.04588152840733528,0.9807692170143127
1558,0.04443531483411789,0.9807692170143127
1559,0.044754836708307266,0.9807692170143127
1560,0.051547493785619736,0.9807692170143127
1561,0.049547020345926285,0.9807692170143127
1562,0.043483950197696686,0.9807692170143127
1563,0.04360102862119675,0.9807692170143127
1564,0.0545993447303772,0.9807692170143127
1565,0.051846668124198914,0.9807692170143127
1566,0.04863080009818077,0.9807692170143127
1567,0.049159884452819824,0.9807692170143127
1568,0.03999048098921776,0.9807692170143127
1569,0.046617381274700165,0.9807692170143127
1570,0.04920850694179535,0.9807692170143127
1571,0.04944475740194321,0.9807692170143127
1572,0.04568958654999733,0.9807692170143127
1573,0.04937315732240677,0.9807692170143127
1574,0.052897509187459946,0.9807692170143127
1575,0.04509887844324112,0.9807692170143127
1576,0.04578123986721039,0.9807692170143127
1577,0.04151080548763275,0.9807692170143127
1578,0.04635915532708168,0.9807692170143127
1579,0.046100251376628876,0.9807692170143127
1580,0.045124925673007965,0.9807692170143127
1581,0.03925585746765137,0.9807692170143127
1582,0.05017199367284775,0.9807692170143127
1583,0.047987159341573715,0.9807692170143127
1584,0.05629000812768936,0.9807692170143127
1585,0.054493024945259094,0.9807692170143127
1586,0.06546024978160858,0.9807692170143127
1587,0.061470434069633484,0.9807692170143127
1588,0.04112304747104645,0.9807692170143127
1589,0.049458615481853485,0.9807692170143127
1590,0.05563763156533241,0.9807692170143127
1591,0.08274988830089569,0.9615384340286255
1592,0.05184534937143326,0.9807692170143127
1593,0.10516519844532013,0.9615384340286255
1594,0.07404077053070068,0.9807692170143127
1595,0.0578925758600235,0.9807692170143127
1596,0.060739632695913315,0.9807692170143127
1597,0.04993326961994171,0.9807692170143127
1598,0.04709162190556526,0.9807692170143127
1599,0.06561101227998734,0.9807692170143127
1600,0.0556831993162632,0.9807692170143127
1601,0.059328123927116394,0.9807692170143127
1602,0.05699648708105087,0.9807692170143127
1603,0.05123822018504143,0.9807692170143127
1604,0.062182843685150146,0.9807692170143127
1605,0.05364338308572769,0.9807692170143127
1606,0.05144534260034561,0.9807692170143127
1607,0.058124423027038574,0.9807692170143127
1608,0.06464115530252457,0.9807692170143127
1609,0.07186660170555115,0.9615384340286255
1610,0.05530029535293579,0.9807692170143127
1611,0.057713694870471954,0.9807692170143127
1612,0.06000521034002304,0.9807692170143127
1613,0.04647568613290787,0.9807692170143127
1614,0.04287848621606827,0.9807692170143127
1615,0.05200857296586037,0.9807692170143127
1616,0.05108771100640297,0.9807692170143127
1617,0.05172745883464813,0.9807692170143127
1618,0.0538574643433094,0.9807692170143127
1619,0.06542457640171051,0.9615384340286255
1620,0.05288292467594147,0.9807692170143127
1621,0.05054832994937897,0.9807692170143127
1622,0.04682740941643715,0.9807692170143127
1623,0.04692406207323074,0.9807692170143127
1624,0.04405113682150841,0.9807692170143127
1625,0.05531741678714752,0.9807692170143127
1626,0.053974494338035583,0.9807692170143127
1627,0.041585274040699005,0.9807692170143127
1628,0.049264613538980484,0.9807692170143127
1629,0.05427330359816551,0.9807692170143127
1630,0.11901447176933289,0.9615384340286255
1631,0.05330106243491173,0.9807692170143127
1632,0.04970300942659378,0.9807692170143127
1633,0.05019182711839676,0.9807692170143127
1634,0.05023376643657684,0.9807692170143127
1635,0.05340025946497917,0.9807692170143127
1636,0.046289801597595215,0.9807692170143127
1637,0.05268358439207077,0.9807692170143127
1638,0.05193469300866127,0.9807692170143127
1639,0.046813949942588806,0.9807692170143127
1640,0.04795079678297043,0.9807692170143127
1641,0.05547934025526047,0.9807692170143127
1642,0.04211980476975441,0.9807692170143127
1643,0.06044594198465347,0.9807692170143127
1644,0.05354320630431175,0.9807692170143127
1645,0.04054378718137741,0.9807692170143127
1646,0.04296358674764633,0.9807692170143127
1647,0.05674475058913231,0.9807692170143127
1648,0.05573094263672829,0.9807692170143127
1649,0.06350599974393845,0.9807692170143127
1650,0.04263552650809288,0.9807692170143127
1651,0.053825315088033676,0.9807692170143127
1652,0.04926816001534462,0.9807692170143127
1653,0.054421838372945786,0.9807692170143127
1654,0.048884015530347824,0.9807692170143127
1655,0.044398918747901917,0.9807692170143127
1656,0.061377447098493576,0.9807692170143127
1657,0.05014321953058243,0.9807692170143127
1658,0.050138458609580994,0.9807692170143127
1659,0.055274005979299545,0.9807692170143127
1660,0.05405234545469284,0.9807692170143127
1661,0.04308623448014259,0.9807692170143127
1662,0.05393848195672035,0.9807692170143127
1663,0.061050355434417725,0.9807692170143127
1664,0.05741691216826439,0.9807692170143127
1665,0.04860995337367058,0.9807692170143127
1666,0.05992840230464935,0.9807692170143127
1667,0.05343768745660782,0.9807692170143127
1668,0.05408690124750137,0.9807692170143127
1669,0.05490965023636818,0.9807692170143127
1670,0.04876016825437546,0.9807692170143127
1671,0.05108129605650902,0.9807692170143127
1672,0.05581241473555565,0.9807692170143127
1673,0.05034162104129791,0.9807692170143127
1674,0.06243187561631203,0.9615384340286255
1675,0.05171177536249161,0.9807692170143127
1676,0.05087178200483322,0.9807692170143127
1677,0.06130892038345337,0.9807692170143127
1678,0.050540562719106674,0.9807692170143127
1679,0.05037403479218483,0.9807692170143127
1680,0.05025245249271393,0.9807692170143127
1681,0.04806730896234512,0.9807692170143127
1682,0.09000995755195618,0.9615384340286255
1683,0.051608264446258545,0.9807692170143127
1684,0.04934477061033249,0.9807692170143127
1685,0.05445050820708275,0.9807692170143127
1686,0.05087656155228615,0.9807692170143127
1687,0.049028098583221436,0.9807692170143127
1688,0.05630454793572426,0.9807692170143127
1689,0.05018102750182152,0.9807692170143127
1690,0.0580778494477272,0.9807692170143127
1691,0.05831105262041092,0.9807692170143127
1692,0.049510736018419266,0.9807692170143127
1693,0.04564028978347778,0.9807692170143127
1694,0.04558238014578819,0.9807692170143127
1695,0.04894636198878288,0.9807692170143127
1696,0.04943885654211044,0.9807692170143127
1697,0.11439760774374008,0.9615384340286255
1698,0.04748561605811119,0.9807692170143127
1699,0.051040999591350555,0.9807692170143127
1700,0.04996287077665329,0.9807692170143127
1701,0.04880966991186142,0.9807692170143127
1702,0.04848252981901169,0.9807692170143127
1703,0.05657484009861946,0.9807692170143127
1704,0.051459524780511856,0.9807692170143127
1705,0.05439797416329384,0.9807692170143127
1706,0.07682690769433975,0.9615384340286255
1707,0.05214551463723183,0.9807692170143127
1708,0.04456520825624466,0.9807692170143127
1709,0.04977283626794815,0.9807692170143127
1710,0.047051962465047836,0.9807692170143127
1711,0.055846769362688065,0.9807692170143127
1712,0.048654258251190186,0.9807692170143127
1713,0.04318937286734581,0.9807692170143127
1714,0.04517042264342308,0.9807692170143127
1715,0.04652145877480507,0.9807692170143127
1716,0.05948440730571747,0.9807692170143127
1717,0.04692436754703522,0.9807692170143127
1718,0.06520926207304001,0.9807692170143127
1719,0.04747401177883148,0.9807692170143127
1720,0.04403034225106239,0.9807692170143127
1721,0.036862246692180634,0.9807692170143127
1722,0.04534953460097313,0.9807692170143127
1723,0.056155018508434296,0.9807692170143127
1724,0.0469026155769825,0.9807692170143127
1725,0.06448657065629959,0.9807692170143127
1726,0.04258017987012863,0.9807692170143127
1727,0.05377761647105217,0.9807692170143127
1728,0.04524597153067589,0.9807692170143127
1729,0.05932830274105072,0.9807692170143127
1730,0.055899884551763535,0.9807692170143127
1731,0.05121712386608124,0.9807692170143127
1732,0.04175020754337311,0.9807692170143127
1733,0.0543067641556263,0.9807692170143127
1734,0.051062408834695816,0.9807692170143127
1735,0.0477929450571537,0.9807692170143127
1736,0.055672209709882736,0.9807692170143127
1737,0.05158820375800133,0.9807692170143127
1738,0.04738494008779526,0.9807692170143127
1739,0.05335669964551926,0.9807692170143127
1740,0.046590760350227356,0.9807692170143127
1741,0.06049777939915657,0.9807692170143127
1742,0.0899496003985405,0.9615384340286255
1743,0.03670654445886612,0.9807692170143127
1744,0.05639790743589401,0.9807692170143127
1745,0.04738638922572136,0.9807692170143127
1746,0.05785730853676796,0.9807692170143127
1747,0.05152956768870354,0.9807692170143127
1748,0.05957353115081787,0.9807692170143127
1749,0.05271745100617409,0.9807692170143127
1750,0.047311194241046906,0.9807692170143127
1751,0.05575842410326004,0.9807692170143127
1752,0.057255443185567856,0.9807692170143127
1753,0.044509582221508026,0.9807692170143127
1754,0.04977262392640114,0.9807692170143127
1755,0.15176531672477722,0.9615384340286255
1756,0.049334846436977386,0.9807692170143127
1757,0.05648702755570412,0.9807692170143127
1758,0.04354363679885864,0.9807692170143127
1759,0.059925440698862076,0.9807692170143127
1760,0.0507204569876194,0.9807692170143127
1761,0.04768143594264984,0.9807692170143127
1762,0.05303158983588219,0.9807692170143127
1763,0.05336982384324074,0.9807692170143127
1764,0.06988807022571564,0.9615384340286255
1765,0.053236111998558044,0.9807692170143127
1766,0.04252307862043381,0.9807692170143127
1767,0.050837431102991104,0.9807692170143127
1768,0.05138353630900383,0.9807692170143127
1769,0.05585091933608055,0.9807692170143127
1770,0.04321913421154022,0.9807692170143127
1771,0.050118718296289444,0.9807692170143127
1772,0.0580749474465847,0.9807692170143127
1773,0.052917178720235825,0.9807692170143127
1774,0.04479825869202614,0.9807692170143127
1775,0.040540870279073715,0.9807692170143127
1776,0.049636319279670715,0.9807692170143127
1777,0.04492684081196785,0.9807692170143127
1778,0.06268561631441116,0.9807692170143127
1779,0.050966981798410416,0.9807692170143127
1780,0.061405520886182785,0.9807692170143127
1781,0.05094379559159279,0.9807692170143127
1782,0.045820411294698715,0.9807692170143127
1783,0.03934085741639137,0.9807692170143127
1784,0.04319111257791519,0.9807692170143127
1785,0.04391650855541229,0.9807692170143127
1786,0.044213395565748215,0.9807692170143127
1787,0.06337065249681473,0.9807692170143127
1788,0.05255682021379471,0.9807692170143127
1789,0.05613056570291519,0.9807692170143127
1790,0.04929208382964134,0.9807692170143127
1791,0.04283048212528229,0.9807692170143127
1792,0.05298193544149399,0.9807692170143127
1793,0.06067270413041115,0.9807692170143127
1794,0.05425793677568436,0.9807692170143127
1795,0.05706220492720604,0.9807692170143127
1796,0.04318956658244133,0.9807692170143127
1797,0.06391392648220062,0.9807692170143127
1798,0.04286222159862518,0.9807692170143127
1799,0.060527410358190536,0.9807692170143127
1800,0.06204289197921753,0.9807692170143127
1801,0.058275435119867325,0.9807692170143127
1802,0.046786725521087646,0.9807692170143127
1803,0.05243559554219246,0.9807692170143127
1804,0.043948449194431305,0.9807692170143127
1805,0.0637771338224411,0.9807692170143127
1806,0.05239515006542206,0.9807692170143127
1807,0.047813717275857925,0.9807692170143127
1808,0.04375312104821205,0.9807692170143127
1809,0.04873546212911606,0.9807692170143127
1810,0.055575884878635406,0.9807692170143127
1811,0.04438183084130287,0.9807692170143127
1812,0.06744624674320221,0.9807692170143127
1813,0.057463083416223526,0.9807692170143127
1814,0.05421877279877663,0.9807692170143127
1815,0.08629899471998215,0.9615384340286255
1816,0.05472924932837486,0.9807692170143127
1817,0.05514874309301376,0.9807692170143127
1818,0.046701326966285706,0.9807692170143127
1819,0.04631255567073822,0.9807692170143127
1820,0.053945425897836685,0.9807692170143127
1821,0.046790577471256256,0.9807692170143127
1822,0.054562345147132874,0.9807692170143127
1823,0.054165322333574295,0.9807692170143127
1824,0.0540500208735466,0.9807692170143127
1825,0.04949883371591568,0.9807692170143127
1826,0.05337696522474289,0.9807692170143127
1827,0.05472176522016525,0.9807692170143127
1828,0.0465761199593544,0.9807692170143127
1829,0.04956785589456558,0.9807692170143127
1830,0.04741627350449562,0.9807692170143127
1831,0.05032734572887421,0.9807692170143127
1832,0.04898839443922043,0.9807692170143127
1833,0.041217509657144547,0.9807692170143127
1834,0.045773014426231384,0.9807692170143127
1835,0.05822098255157471,0.9807692170143127
1836,0.04301171749830246,0.9807692170143127
1837,0.04746555909514427,0.9807692170143127
1838,0.048166994005441666,0.9807692170143127
1839,0.053659453988075256,0.9807692170143127
1840,0.053561609238386154,0.9807692170143127
1841,0.04153162240982056,0.9807692170143127
1842,0.06025433540344238,0.9807692170143127
1843,0.03923321142792702,0.9807692170143127
1844,0.046969231218099594,0.9807692170143127
1845,0.062275707721710205,0.9807692170143127
1846,0.04927344620227814,0.9807692170143127
1847,0.04993719607591629,0.9807692170143127
1848,0.049779560416936874,0.9807692170143127
1849,0.05307148024439812,0.9807692170143127
1850,0.04571157693862915,0.9807692170143127
1851,0.046599194407463074,0.9807692170143127
1852,0.0585920624434948,0.9807692170143127
1853,0.057577118277549744,0.9807692170143127
1854,0.043150465935468674,0.9807692170143127
1855,0.044804513454437256,0.9807692170143127
1856,0.04606812447309494,0.9807692170143127
1857,0.03869558870792389,0.9807692170143127
1858,0.057147979736328125,0.9807692170143127
1859,0.05917584151029587,0.9807692170143127
1860,0.052017487585544586,0.9807692170143127
1861,0.052002809941768646,0.9807692170143127
1862,0.04624238982796669,0.9807692170143127
1863,0.05374860763549805,0.9807692170143127
1864,0.0471448078751564,0.9807692170143127
1865,0.051605697721242905,0.9807692170143127
1866,0.05556384474039078,0.9807692170143127
1867,0.05036638304591179,0.9807692170143127
1868,0.04513091593980789,0.9807692170143127
1869,0.06594911217689514,0.9807692170143127
1870,0.05414004623889923,0.9807692170143127
1871,0.048663780093193054,0.9807692170143127
1872,0.048380814492702484,0.9807692170143127
1873,0.04704881086945534,0.9807692170143127
1874,0.054137952625751495,0.9807692170143127
1875,0.04748070612549782,0.9807692170143127
1876,0.050874944776296616,0.9807692170143127
1877,0.045544687658548355,0.9807692170143127
1878,0.04669719561934471,0.9807692170143127
1879,0.04615304619073868,0.9807692170143127
1880,0.04393356665968895,0.9807692170143127
1881,0.052851274609565735,0.9807692170143127
1882,0.04801202565431595,0.9807692170143127
1883,0.04724263772368431,0.9807692170143127
1884,0.04194033890962601,0.9807692170143127
1885,0.05538869649171829,0.9807692170143127
1886,0.05813642963767052,0.9807692170143127
1887,0.06132546812295914,0.9807692170143127
1888,0.044436536729335785,0.9807692170143127
1889,0.04942142590880394,0.9807692170143127
1890,0.043278224766254425,0.9807692170143127
1891,0.05468014255166054,0.9807692170143127
1892,0.059048719704151154,0.9807692170143127
1893,0.05329326167702675,0.9807692170143127
1894,0.06065831333398819,0.9807692170143127
1895,0.046763233840465546,0.9807692170143127
1896,0.05339914187788963,0.9807692170143127
1897,0.05278330296278,0.9807692170143127
1898,0.05521734431385994,0.9807692170143127
1899,0.05232960730791092,0.9807692170143127
1900,0.053545448929071426,0.9807692170143127
1901,0.05367811769247055,0.9807692170143127
1902,0.05890866369009018,0.9807692170143127
1903,0.05998250097036362,0.9807692170143127
1904,0.04702991619706154,0.9807692170143127
1905,0.05130952224135399,0.9807692170143127
1906,0.05770499259233475,0.9807692170143127
1907,0.050417207181453705,0.9807692170143127
1908,0.04646290838718414,0.9807692170143127
1909,0.04660464823246002,0.9807692170143127
1910,0.05122632533311844,0.9807692170143127
1911,0.05040914565324783,0.9807692170143127
1912,0.042144183069467545,0.9807692170143127
1913,0.05039723590016365,0.9807692170143127
1914,0.06578374654054642,0.9807692170143127
1915,0.04733067378401756,0.9807692170143127
1916,0.05136517435312271,0.9807692170143127
1917,0.05161358416080475,0.9807692170143127
1918,0.05347603186964989,0.9807692170143127
1919,0.05159476026892662,0.9807692170143127
1920,0.055169157683849335,0.9807692170143127
1921,0.04364710673689842,0.9807692170143127
1922,0.05593214929103851,0.9807692170143127
1923,0.04141730070114136,0.9807692170143127
1924,0.053969476372003555,0.9807692170143127
1925,0.05142855644226074,0.9807692170143127
1926,0.05074767395853996,0.9807692170143127
1927,0.05966921150684357,0.9807692170143127
1928,0.04812828451395035,0.9807692170143127
1929,0.05694512650370598,0.9807692170143127
1930,0.04730118066072464,0.9807692170143127
1931,0.05203082412481308,0.9807692170143127
1932,0.051596496254205704,0.9807692170143127
1933,0.05007356032729149,0.9807692170143127
1934,0.05076649412512779,0.9807692170143127
1935,0.05132277309894562,0.9807692170143127
1936,0.04613461717963219,0.9807692170143127
1937,0.052762847393751144,0.9807692170143127
1938,0.04327275976538658,0.9807692170143127
1939,0.04634881392121315,0.9807692170143127
1940,0.044235959649086,0.9807692170143127
1941,0.048407647758722305,0.9807692170143127
1942,0.05094073712825775,0.9807692170143127
1943,0.05307844653725624,0.9807692170143127
1944,0.056987062096595764,0.9807692170143127
1945,0.04620933532714844,0.9807692170143127
1946,0.05771808326244354,0.9807692170143127
1947,0.05855431407690048,0.9807692170143127
1948,0.05141099542379379,0.9807692170143127
1949,0.0534268356859684,0.9807692170143127
1950,0.05754970759153366,0.9807692170143127
1951,0.05602076277136803,0.9807692170143127
1952,0.04963785037398338,0.9807692170143127
1953,0.07634134590625763,0.9615384340286255
1954,0.053974151611328125,0.9807692170143127
1955,0.050384681671857834,0.9807692170143127
1956,0.04785091429948807,0.9807692170143127
1957,0.05404750257730484,0.9807692170143127
1958,0.05111241340637207,0.9807692170143127
1959,0.06319630891084671,0.9615384340286255
1960,0.052004918456077576,0.9807692170143127
1961,0.06821014732122421,0.9615384340286255
1962,0.04398570954799652,0.9807692170143127
1963,0.0725582167506218,0.9807692170143127
1964,0.053195200860500336,0.9807692170143127
1965,0.04852937161922455,0.9807692170143127
1966,0.04752717167139053,0.9807692170143127
1967,0.051434244960546494,0.9807692170143127
1968,0.05191785469651222,0.9807692170143127
1969,0.04834822192788124,0.9807692170143127
1970,0.04334393888711929,0.9807692170143127
1971,0.05383002758026123,0.9807692170143127
1972,0.04464677348732948,0.9807692170143127
1973,0.05183864012360573,0.9807692170143127
1974,0.05864909663796425,0.9807692170143127
1975,0.04924720898270607,0.9807692170143127
1976,0.04681036248803139,0.9807692170143127
1977,0.053310077637434006,0.9807692170143127
1978,0.049882348626852036,0.9807692170143127
1979,0.047026798129081726,0.9807692170143127
1980,0.0467832013964653,0.9807692170143127
1981,0.05324367806315422,0.9807692170143127
1982,0.06470859795808792,0.9807692170143127
1983,0.047903139144182205,0.9807692170143127
1984,0.045045629143714905,0.9807692170143127
1985,0.054025568068027496,0.9807692170143127
1986,0.04471880570054054,0.9807692170143127
1987,0.051331546157598495,0.9807692170143127
1988,0.057542815804481506,0.9807692170143127
1989,0.04608183354139328,0.9807692170143127
1990,0.056700222194194794,0.9807692170143127
1991,0.04915834963321686,0.9807692170143127
1992,0.05019959434866905,0.9807692170143127
1993,0.049621306359767914,0.9807692170143127
1994,0.050239093601703644,0.9807692170143127
1995,0.04589167982339859,0.9807692170143127
1996,0.048316869884729385,0.9807692170143127
1997,0.04736124724149704,0.9807692170143127
1998,0.046796366572380066,0.9807692170143127
1999,0.04465543478727341,0.9807692170143127
